"","ecosystem_type","percent_protected","perc_pro_light","perc_pro_med","natural_in_mpa","mod_in_mpa","sev_in_mpa","pro_lvl_2019_20","pro_lvl_2019_30","pro_lvl_tash_light","pro_lvl_tash_med","pro_lvl_lara","pro_lvl_linda","pro_lvl_fw","difference_2019_30_20","difference_2019_tash_light","difference_2019_tash_med","difference_2019_lara","difference_2019_linda","difference_2019_fw"
"1","Agulhas Basin Abyss",8.21790125142571,8.21766891386419,8.21762244635189,8.21743657630268,0.000464675123030718,0,"Poorly Protected","Poorly Protected","Poorly Protected","Poorly Protected","Poorly Protected","Poorly Protected","Poorly Protected","same","same","same","same","same","same"
"2","Agulhas Basin Complex Abyss",0,0,0,0,0,0,"Not Protected","Not Protected","Not Protected","Not Protected","Not Protected","Not Protected","Not Protected","same","same","same","same","same","same"
"3","Agulhas Blues",0.0440047074137659,0.0440047074137659,0.0440047074137659,0.0440047074137659,0,0,"Not Protected","Not Protected","Not Protected","Not Protected","Not Protected","Not Protected","Not Protected","same","same","same","same","same","same"
"4","Agulhas Boulder Shore",59.5785415832538,36.2050021222298,33.4195826575415,25.4012812239673,15.3715907836026,6.21404733805207,"Well Protected","Moderately Protected","Moderately Protected","Moderately Protected","Moderately Protected","Moderately Protected","Moderately Protected","decrease","same","same","same","same","same"
"5","Agulhas Coarse Sediment Shelf Edge",1.66392069484685,1.29928461106214,1.2263573943052,0.934648527277429,0.72927216756942,0,"Poorly Protected","Poorly Protected","Poorly Protected","Poorly Protected","Poorly Protected","Poorly Protected","Poorly Protected","same","same","same","same","same","same"
"6","Agulhas Dissipative Intermediate Sandy Shore",33.5966273510231,29.2960766235671,28.7432701433406,27.1985580832685,2.63049773084075,2.02756260593455,"Well Protected","Moderately Protected","Moderately Protected","Moderately Protected","Moderately Protected","Moderately Protected","Moderately Protected","decrease","same","same","same","same","same"
"7","Agulhas Dissipative Sandy Shore",40.2151448101697,29.7763808868466,28.239153398618,22.8339016173045,12.6584681795712,0.704838392135537,"Well Protected","Moderately Protected","Moderately Protected","Moderately Protected","Moderately Protected","Moderately Protected","Moderately Protected","decrease","same","same","same","same","same"
"8","Agulhas Exposed Rocky Shore",35.4122139577852,22.883651464264,20.9728360789972,14.2862358490131,15.3322550831668,1.76108319767405,"Moderately Protected","Moderately Protected","Moderately Protected","Moderately Protected","Moderately Protected","Moderately Protected","Poorly Protected","same","same","same","same","same","decrease"
"9","Agulhas Exposed Stromatolite Rocky Shore",6.32858494990648,4.91484343058839,4.64185616452886,3.56116983621856,2.69233020750258,0,"Poorly Protected","Poorly Protected","Poorly Protected","Poorly Protected","Poorly Protected","Poorly Protected","Poorly Protected","same","same","same","same","same","same"
"10","Agulhas Inner Shelf Mosaic",17.5854768575309,16.168791995413,15.8976966599725,14.8337665955417,2.62907542154063,0.0411210252810539,"Moderately Protected","Poorly Protected","Poorly Protected","Poorly Protected","Poorly Protected","Poorly Protected","Poorly Protected","decrease","same","same","same","same","same"
"11","Agulhas Inner Shelf Reef",70.6171800880848,61.3652809785193,59.5425901763322,52.3902720662143,17.5346825287193,0.692225493151185,"Well Protected","Well Protected","Well Protected","Well Protected","Well Protected","Well Protected","Well Protected","same","same","same","same","same","same"
"12","Agulhas Intermediate Sandy Shore",20.9561580877193,18.5296228339291,18.2478436824379,17.6096418956169,0.634469612629079,1.66081751541141,"Moderately Protected","Moderately Protected","Poorly Protected","Poorly Protected","Poorly Protected","Poorly Protected","Poorly Protected","same","decrease","decrease","decrease","decrease","decrease"
"13","Agulhas Island",74.0278733963679,44.0370223300362,42.2383250856233,40.1618313711768,0.335030918633383,1.77287194443498,"Well Protected","Well Protected","Well Protected","Well Protected","Well Protected","Well Protected","Well Protected","same","same","same","same","same","same"
"14","Agulhas Kelp Forest",24.8521017621794,9.42409337130829,7.96169841732365,4.60249625093869,4.97455433110439,4.04440913069013,"Moderately Protected","Moderately Protected","Poorly Protected","Poorly Protected","Poorly Protected","Poorly Protected","Poorly Protected","same","decrease","decrease","decrease","decrease","decrease"
"15","Agulhas Lower Canyon",34.4053085110452,20.6234600502719,17.8670903581172,6.84161158949856,27.5636969215466,0,"Moderately Protected","Moderately Protected","Moderately Protected","Poorly Protected","Moderately Protected","Moderately Protected","Poorly Protected","same","same","decrease","same","same","decrease"
"16","Agulhas Mid Shelf Mosaic",22.1923303130874,18.7238970817061,18.100766296652,15.7648825401443,5.54618089319804,0.488987034941623,"Moderately Protected","Moderately Protected","Poorly Protected","Poorly Protected","Moderately Protected","Moderately Protected","Poorly Protected","same","decrease","decrease","same","same","decrease"
"17","Agulhas Mid Shelf Reef",17.2825857570228,14.1647899605554,13.5412308012619,11.046994164088,6.23559159293484,0,"Moderately Protected","Poorly Protected","Poorly Protected","Poorly Protected","Poorly Protected","Poorly Protected","Poorly Protected","decrease","same","same","same","same","same"
"18","Agulhas Mixed Shore",24.1692491247906,13.9506615996071,12.3361584359983,6.73976884897312,12.4786624176212,2.38287698129935,"Moderately Protected","Moderately Protected","Poorly Protected","Poorly Protected","Poorly Protected","Poorly Protected","Poorly Protected","same","decrease","decrease","decrease","decrease","decrease"
"19","Agulhas Muddy Mid Shelf",6.84596427180397,3.10865494749215,2.4842952116369,0.152871551329391,5.63826862394615,0.155833372684175,"Poorly Protected","Poorly Protected","Poorly Protected","Poorly Protected","Poorly Protected","Poorly Protected","Not Protected","same","same","same","same","same","decrease"
"20","Agulhas Muddy Outer Shelf",5.4254864494927,2.71914975516747,2.33873209080419,1.18232166914657,2.19736953301195,1.16781897390754,"Poorly Protected","Poorly Protected","Poorly Protected","Poorly Protected","Poorly Protected","Poorly Protected","Poorly Protected","same","same","same","same","same","same"
"21","Agulhas Plateau",21.4931218018673,21.4931218018673,21.4931218018673,21.4931218018673,0,0,"Well Protected","Moderately Protected","Moderately Protected","Moderately Protected","Moderately Protected","Moderately Protected","Moderately Protected","decrease","same","same","same","same","same"
"22","Agulhas Reflective Sandy Shore",9.32382346447671,3.9200161017316,3.37361999548001,1.80461099312452,3.40870965367965,0,"Poorly Protected","Poorly Protected","Poorly Protected","Poorly Protected","Poorly Protected","Poorly Protected","Poorly Protected","same","same","same","same","same","same"
"23","Agulhas Rocky Outer Shelf",44.0673314787691,43.181337931335,43.0041392218482,42.295344383901,1.77198709486814,0,"Well Protected","Well Protected","Well Protected","Well Protected","Well Protected","Well Protected","Well Protected","same","same","same","same","same","same"
"24","Agulhas Rocky Plateau",26.7848917085384,26.7848917085384,26.7848917085384,26.7848917085384,0,0,"Well Protected","Moderately Protected","Moderately Protected","Moderately Protected","Moderately Protected","Moderately Protected","Moderately Protected","decrease","same","same","same","same","same"
"25","Agulhas Rocky Shelf Edge",16.8122208792987,15.2656556135405,14.9563425603888,13.7190903477822,3.09313053151651,0,"Moderately Protected","Poorly Protected","Poorly Protected","Poorly Protected","Poorly Protected","Poorly Protected","Poorly Protected","decrease","same","same","same","same","same"
"26","Agulhas Sandy Inner Shelf",36.8152920897311,23.2728265227,20.8926597108289,12.9165595282501,16.1273650155673,7.57723866037424,"Moderately Protected","Moderately Protected","Moderately Protected","Moderately Protected","Moderately Protected","Moderately Protected","Poorly Protected","same","same","same","same","same","decrease"
"27","Agulhas Sandy Mid Shelf",13.4198802370973,10.0448813290555,9.51172687925805,7.64844211762893,4.20482612091836,0.686824755561803,"Moderately Protected","Poorly Protected","Poorly Protected","Poorly Protected","Poorly Protected","Poorly Protected","Poorly Protected","decrease","same","same","same","same","same"
"28","Agulhas Sandy Outer Shelf",4.60135392970066,2.29870313082796,1.83881446711069,0,4.59641934464473,0,"Poorly Protected","Poorly Protected","Poorly Protected","Poorly Protected","Poorly Protected","Poorly Protected","Not Protected","same","same","same","same","same","decrease"
"29","Agulhas Sheltered Rocky Shore",29.4803703261558,11.3516368497266,8.75262029338624,0,19.5180382849031,2.98192251574908,"Moderately Protected","Moderately Protected","Poorly Protected","Poorly Protected","Poorly Protected","Poorly Protected","Not Protected","same","decrease","decrease","decrease","decrease","decrease"
"30","Agulhas Stromatolite Mixed Shore",16.0994055732166,9.97689949918041,8.79498589029831,4.28026948439561,10.7544459406925,1.06469014812855,"Moderately Protected","Poorly Protected","Poorly Protected","Poorly Protected","Poorly Protected","Poorly Protected","Poorly Protected","decrease","same","same","same","same","same"
"31","Agulhas Upper Canyon",53.6356918757778,37.1894202739575,33.9001659535935,20.7431486721372,32.8925432036406,0,"Well Protected","Moderately Protected","Moderately Protected","Moderately Protected","Moderately Protected","Moderately Protected","Moderately Protected","decrease","same","same","same","same","same"
"32","Agulhas Very Exposed Rocky Shore",19.0486634588594,13.0715633386952,11.9234925665258,7.41937021876531,11.114196776308,0.21792542698643,"Moderately Protected","Poorly Protected","Poorly Protected","Poorly Protected","Poorly Protected","Poorly Protected","Poorly Protected","decrease","same","same","same","same","same"
"33","Agulhas Very Exposed Stromatolite Rocky Shore",18.2987527887141,17.35587812212,17.3034961961981,17.2511142702762,0,0,"Moderately Protected","Poorly Protected","Poorly Protected","Poorly Protected","Poorly Protected","Poorly Protected","Poorly Protected","decrease","same","same","same","same","same"
"34","Aliwal Shoal Reef Complex",99.9999999999913,38.5241379310311,29.9586206896526,0,71.31034482758,0,"Moderately Protected","Moderately Protected","Moderately Protected","Moderately Protected","Moderately Protected","Moderately Protected","Not Protected","same","same","same","same","same","decrease"
"35","Alphard Bank",100.000000000001,100.000000000001,100.000000000001,100.000000000001,0,0,"Well Protected","Well Protected","Well Protected","Well Protected","Well Protected","Well Protected","Well Protected","same","same","same","same","same","same"
"36","Amathole Hard Shelf Edge",100.000000000001,60.4513906888077,52.640321623786,21.8893093497833,75.6443707197953,2.46631993042239,"Well Protected","Moderately Protected","Moderately Protected","Moderately Protected","Moderately Protected","Moderately Protected","Moderately Protected","decrease","same","same","same","same","same"
"37","Amathole Lace Corals",16.8920933933796,13.5699999209037,12.9055812264085,10.2479064484278,6.64418694495183,0,"Moderately Protected","Poorly Protected","Poorly Protected","Poorly Protected","Poorly Protected","Poorly Protected","Poorly Protected","decrease","same","same","same","same","same"
"38","Browns Bank Rocky Shelf Edge",12.1295407843817,2.03223175656327,1.3206184201313,0,1.99366244636784,0.109063497889856,"Moderately Protected","Poorly Protected","Poorly Protected","Poorly Protected","Poorly Protected","Poorly Protected","Not Protected","decrease","same","same","same","same","decrease"
"39","Cape Basin Abyss",1.58107548093062,1.58107548093062,1.58107548093062,1.58107548093062,0,0,"Poorly Protected","Poorly Protected","Poorly Protected","Poorly Protected","Poorly Protected","Poorly Protected","Poorly Protected","same","same","same","same","same","same"
"40","Cape Basin Complex Abyss",5.51824945052773,5.51824945052773,5.51824945052773,5.51824945052773,0,0,"Poorly Protected","Poorly Protected","Poorly Protected","Poorly Protected","Poorly Protected","Poorly Protected","Poorly Protected","same","same","same","same","same","same"
"41","Cape Bay",27.679023497295,5.61457434399094,3.64001000145917,0,2.4210966179667,9.39116673537382,"Moderately Protected","Moderately Protected","Poorly Protected","Poorly Protected","Poorly Protected","Poorly Protected","Not Protected","same","decrease","decrease","decrease","decrease","decrease"
"42","Cape Boulder Shore",51.8232420556808,22.9159600729562,19.0012912658108,6.12671901507394,28.5010906668081,4.09576243549143,"Moderately Protected","Moderately Protected","Moderately Protected","Poorly Protected","Moderately Protected","Moderately Protected","Poorly Protected","same","same","decrease","same","same","decrease"
"43","Cape Exposed Rocky Shore",39.47538314318,18.0514491620667,15.1537648737665,6.22066531430505,17.8275923872426,6.8713755498855,"Moderately Protected","Moderately Protected","Poorly Protected","Poorly Protected","Moderately Protected","Moderately Protected","Poorly Protected","same","decrease","decrease","same","same","decrease"
"44","Cape Island",89.2666528028769,20.1813761760237,14.3642506426859,3.13793054713829,11.9241360791255,18.3195373847216,"Moderately Protected","Moderately Protected","Moderately Protected","Poorly Protected","Poorly Protected","Poorly Protected","Poorly Protected","same","same","decrease","decrease","decrease","decrease"
"45","Cape Kelp Forest",54.4078845416319,11.9825752416597,8.24794377922218,1.04113317572888,6.67192843446257,14.7060061071705,"Moderately Protected","Moderately Protected","Poorly Protected","Poorly Protected","Poorly Protected","Poorly Protected","Poorly Protected","same","decrease","decrease","decrease","decrease","decrease"
"46","Cape Lower Canyon",0,0,0,0,0,0,"Not Protected","Not Protected","Not Protected","Not Protected","Not Protected","Not Protected","Not Protected","same","same","same","same","same","same"
"47","Cape Mixed Shore",26.1210771851196,13.3810719572856,11.5543507170198,5.75684301821011,11.766179151254,4.40932713167618,"Moderately Protected","Moderately Protected","Poorly Protected","Poorly Protected","Poorly Protected","Poorly Protected","Poorly Protected","same","decrease","decrease","decrease","decrease","decrease"
"48","Cape Rocky Inner Shelf",48.1791436154883,8.10302786884736,4.9169331675082,0,0.882722106671699,14.6602183416753,"Moderately Protected","Moderately Protected","Poorly Protected","Poorly Protected","Poorly Protected","Poorly Protected","Not Protected","same","decrease","decrease","decrease","decrease","decrease"
"49","Cape Rocky Mid Shelf Mosaic",21.7259755468283,6.82705584896791,4.8933802316587,0.257179640694542,4.91026664824952,12.294449791801,"Moderately Protected","Moderately Protected","Poorly Protected","Poorly Protected","Poorly Protected","Poorly Protected","Poorly Protected","same","decrease","decrease","decrease","decrease","decrease"
"50","Cape Sandy Inner Shelf",16.6187571486705,14.1292704408554,13.7536084292273,12.6538872888924,1.84611045714345,1.70225991563898,"Moderately Protected","Poorly Protected","Poorly Protected","Poorly Protected","Poorly Protected","Poorly Protected","Poorly Protected","decrease","same","same","same","same","same"
"51","Cape Sheltered Rocky Shore",3.44841309727525,0.431051637159406,0.247854691366658,0,0.215525818579703,0,"Poorly Protected","Poorly Protected","Poorly Protected","Poorly Protected","Poorly Protected","Poorly Protected","Not Protected","same","same","same","same","same","decrease"
"52","Cape Upper Canyon",17.1327980893876,7.21107587549666,5.66721146270755,0,13.7444901663948,0,"Moderately Protected","Poorly Protected","Poorly Protected","Poorly Protected","Poorly Protected","Poorly Protected","Not Protected","decrease","same","same","same","same","decrease"
"53","Cape Very Exposed Rocky Shore",61.2501547592806,44.688660399788,41.4122903896198,28.4009097487167,32.3359755572739,0.342179635526707,"Well Protected","Moderately Protected","Moderately Protected","Moderately Protected","Moderately Protected","Moderately Protected","Moderately Protected","decrease","same","same","same","same","same"
"54","Central Agulhas Outer Shelf Mosaic",19.8616973511303,19.0333867320732,18.8677246082618,18.2050761130161,1.65662123811418,0,"Moderately Protected","Poorly Protected","Poorly Protected","Poorly Protected","Poorly Protected","Poorly Protected","Poorly Protected","decrease","same","same","same","same","same"
"55","Childs Bank Coral",56.7460175557773,31.0434975801239,27.6353963682359,20.6958074908804,1.60153124090632,30.5102829319564,"Well Protected","Moderately Protected","Moderately Protected","Moderately Protected","Moderately Protected","Moderately Protected","Moderately Protected","decrease","same","same","same","same","same"
"56","Childs Bank Plateau",56.6410883804873,54.1740289547931,53.7521290815115,52.3019420022661,3.09201048611291,1.00684060129853,"Well Protected","Well Protected","Well Protected","Well Protected","Well Protected","Well Protected","Well Protected","same","same","same","same","same","same"
"57","Delagoa Deep Shelf Edge",99.9981702711616,99.9981702711616,99.9981702711616,99.9981702711616,0,0,"Well Protected","Well Protected","Well Protected","Well Protected","Well Protected","Well Protected","Well Protected","same","same","same","same","same","same"
"58","Delagoa Lower Canyon",99.999999999986,99.999999999986,99.999999999986,99.999999999986,0,0,"Well Protected","Well Protected","Well Protected","Well Protected","Well Protected","Well Protected","Well Protected","same","same","same","same","same","same"
"59","Delagoa Mixed Shore",99.9990873680666,95.6121194573705,94.8614535502549,92.0887771838727,6.55854831727479,0.544459640842468,"Well Protected","Well Protected","Well Protected","Well Protected","Well Protected","Well Protected","Well Protected","same","same","same","same","same","same"
"60","Delagoa Rocky Mid Shelf",99.999999999973,99.999999999973,99.999999999973,99.999999999973,0,0,"Well Protected","Well Protected","Well Protected","Well Protected","Well Protected","Well Protected","Well Protected","same","same","same","same","same","same"
"61","Delagoa Sandy Inner Shelf",99.9998058642031,99.9998058642031,99.9998058642031,99.9998058642031,0,0,"Well Protected","Well Protected","Well Protected","Well Protected","Well Protected","Well Protected","Well Protected","same","same","same","same","same","same"
"62","Delagoa Sandy Mid Shelf",99.9991098508715,99.9991098508715,99.9991098508715,99.9991098508715,0,0,"Well Protected","Well Protected","Well Protected","Well Protected","Well Protected","Well Protected","Well Protected","same","same","same","same","same","same"
"63","Delagoa Shelf Edge",99.9993361027674,99.3629124778167,99.2356277528266,98.726488852866,1.2728472499013,0,"Well Protected","Well Protected","Well Protected","Well Protected","Well Protected","Well Protected","Well Protected","same","same","same","same","same","same"
"64","Delagoa Upper Canyon",99.9999999999777,99.9999999999777,99.9999999999777,99.9999999999777,0,0,"Well Protected","Well Protected","Well Protected","Well Protected","Well Protected","Well Protected","Well Protected","same","same","same","same","same","same"
"65","Delagoa Very Exposed Rocky Shore",99.999999999919,87.3737373736666,84.8484848484162,74.7474747474142,25.2525252525048,0,"Well Protected","Well Protected","Well Protected","Well Protected","Well Protected","Well Protected","Well Protected","same","same","same","same","same","same"
"66","Durnford Inner Shelf Reef Complex",49.5603486878351,9.58861090983721,6.09039772799593,0,2.75896525627814,17.6449496927122,"Moderately Protected","Moderately Protected","Poorly Protected","Poorly Protected","Poorly Protected","Poorly Protected","Not Protected","same","decrease","decrease","decrease","decrease","decrease"
"67","Durnford Mid Shelf Reef Complex",79.6937163484627,37.7826545354763,29.81328290063,0,69.3726981546873,10.3210181937753,"Moderately Protected","Moderately Protected","Moderately Protected","Moderately Protected","Moderately Protected","Moderately Protected","Not Protected","same","same","same","same","same","decrease"
"68","Eastern Agulhas Bay",39.6306960669461,17.347988341156,14.6132991642861,6.76824571055284,14.6361547938152,7.19517838718856,"Moderately Protected","Moderately Protected","Poorly Protected","Poorly Protected","Moderately Protected","Moderately Protected","Poorly Protected","same","decrease","decrease","same","same","decrease"
"69","Eastern Agulhas Outer Shelf Mosaic",6.5416504007116,4.491679976722,4.08168589192408,2.44170955273239,4.09994084797921,0,"Poorly Protected","Poorly Protected","Poorly Protected","Poorly Protected","Poorly Protected","Poorly Protected","Poorly Protected","same","same","same","same","same","same"
"70","False and Walker Bay",22.1636061369557,4.36437018790323,2.97547042740674,0.904869690213112,0.148875501892129,6.37038326129504,"Moderately Protected","Moderately Protected","Poorly Protected","Poorly Protected","Poorly Protected","Poorly Protected","Poorly Protected","same","decrease","decrease","decrease","decrease","decrease"
"71","KZN Bight Deep Shelf Edge",12.8531496751064,4.59404368328078,3.56752598361639,0.203319906166258,7.74817977675502,0.132344447592512,"Moderately Protected","Poorly Protected","Poorly Protected","Poorly Protected","Poorly Protected","Poorly Protected","Poorly Protected","decrease","same","same","same","same","same"
"72","KZN Bight Mid Shelf Mosaic",9.51910586024947,2.09880865663953,1.35036912670225,0,0.28480561457671,5.16487912391949,"Poorly Protected","Poorly Protected","Poorly Protected","Poorly Protected","Poorly Protected","Poorly Protected","Not Protected","same","same","same","same","same","decrease"
"73","KZN Bight Mid Shelf Reef Complex",0,0,0,0,0,0,"Not Protected","Not Protected","Not Protected","Not Protected","Not Protected","Not Protected","Not Protected","same","same","same","same","same","same"
"74","KZN Bight Muddy Inner Shelf",100.000000000001,31.4869770421437,23.7021665690245,0,51.7386757483349,3.95753371404799,"Moderately Protected","Moderately Protected","Moderately Protected","Moderately Protected","Moderately Protected","Moderately Protected","Not Protected","same","same","same","same","same","decrease"
"75","KZN Bight Muddy Shelf Edge",41.856712320609,22.5640542765169,19.4392516542064,7.84671553156229,28.0956396730863,0.390415984077064,"Moderately Protected","Moderately Protected","Moderately Protected","Poorly Protected","Moderately Protected","Moderately Protected","Poorly Protected","same","same","decrease","same","same","decrease"
"76","KZN Bight Outer Shelf Mosaic",20.7509853983062,7.5180721973302,5.47325509613016,0,7.06951166180318,13.0758449638915,"Moderately Protected","Moderately Protected","Poorly Protected","Poorly Protected","Poorly Protected","Poorly Protected","Not Protected","same","decrease","decrease","decrease","decrease","decrease"
"77","KZN Bight Sandy Inner Shelf",16.8240142238837,5.52357100037024,4.18527049608012,0,9.26385202799066,0.678143833928045,"Moderately Protected","Poorly Protected","Poorly Protected","Poorly Protected","Poorly Protected","Poorly Protected","Not Protected","decrease","same","same","same","same","decrease"
"78","Kei Fluvial Fan",69.4440713047211,30.6583517463854,23.9901708020557,0,54.6501754976933,9.26937208417995,"Moderately Protected","Moderately Protected","Moderately Protected","Moderately Protected","Moderately Protected","Moderately Protected","Not Protected","same","same","same","same","same","decrease"
"79","Kei Reef Mosaic",73.2487183776646,15.4596689790019,10.6540097089228,0,17.8095186822584,5.0549483416605,"Moderately Protected","Moderately Protected","Poorly Protected","Poorly Protected","Poorly Protected","Poorly Protected","Not Protected","same","decrease","decrease","decrease","decrease","decrease"
"80","Kingklip Koppies",0,0,0,0,0,0,"Not Protected","Not Protected","Not Protected","Not Protected","Not Protected","Not Protected","Not Protected","same","same","same","same","same","same"
"81","Kingklip Ridge",99.6459655925581,21.3604525754706,14.9536722938159,0,28.4896400405371,0,"Moderately Protected","Moderately Protected","Moderately Protected","Poorly Protected","Moderately Protected","Moderately Protected","Not Protected","same","same","decrease","same","same","decrease"
"82","Kosi Coral Community",100.00000000001,100.00000000001,100.00000000001,100.00000000001,0,0,"Well Protected","Well Protected","Well Protected","Well Protected","Well Protected","Well Protected","Well Protected","same","same","same","same","same","same"
"83","Leadsman Coral Community",99.999999999995,99.999999999995,99.999999999995,99.999999999995,0,0,"Well Protected","Well Protected","Well Protected","Well Protected","Well Protected","Well Protected","Well Protected","same","same","same","same","same","same"
"84","Namaqua Exposed Rocky Shore",12.2741260798647,5.3947394512896,4.32648676991133,1.17943212546315,5.25882997876759,5.01152969439629,"Moderately Protected","Poorly Protected","Poorly Protected","Poorly Protected","Poorly Protected","Poorly Protected","Poorly Protected","decrease","same","same","same","same","same"
"85","Namaqua Kelp Forest",13.9280424325525,7.70231675236971,6.58637333514951,2.76860826035045,7.9293912017932,3.23004297040886,"Moderately Protected","Poorly Protected","Poorly Protected","Poorly Protected","Poorly Protected","Poorly Protected","Poorly Protected","decrease","same","same","same","same","same"
"86","Namaqua Mid Shelf Fossils",99.898337591841,99.898337591841,99.898337591841,99.898337591841,0,0,"Well Protected","Well Protected","Well Protected","Well Protected","Well Protected","Well Protected","Well Protected","same","same","same","same","same","same"
"87","Namaqua Mixed Shore",12.2385428289953,4.98627029683814,4.11273338968092,1.51372618958556,5.25439071282338,1.49153079091128,"Moderately Protected","Poorly Protected","Poorly Protected","Poorly Protected","Poorly Protected","Poorly Protected","Poorly Protected","decrease","same","same","same","same","same"
"88","Namaqua Muddy Mid Shelf Mosaic",5.36006251696962,5.36006251696962,5.36006251696962,5.36006251696962,0,0,"Poorly Protected","Poorly Protected","Poorly Protected","Poorly Protected","Poorly Protected","Poorly Protected","Poorly Protected","same","same","same","same","same","same"
"89","Namaqua Muddy Sands",0.643863462789009,0.643863462789009,0.643863462789009,0.643863462789009,0,0,"Poorly Protected","Poorly Protected","Poorly Protected","Poorly Protected","Poorly Protected","Poorly Protected","Poorly Protected","same","same","same","same","same","same"
"90","Namaqua Sandy Inner Shelf",20.0928138003582,17.9301981649037,17.5134631027963,15.8649037849154,4.10572566551463,0.00106556119123455,"Moderately Protected","Moderately Protected","Poorly Protected","Poorly Protected","Poorly Protected","Poorly Protected","Poorly Protected","same","decrease","decrease","decrease","decrease","decrease"
"91","Namaqua Sandy Mid Shelf",5.10829733600633,5.10829733600633,5.10829733600633,5.10829733600633,0,0,"Poorly Protected","Poorly Protected","Poorly Protected","Poorly Protected","Poorly Protected","Poorly Protected","Poorly Protected","same","same","same","same","same","same"
"92","Namaqua Sheltered Rocky Shore",6.3318770585465,4.25894111676044,3.84435392840323,2.18600517497439,4.14587188357212,0,"Poorly Protected","Poorly Protected","Poorly Protected","Poorly Protected","Poorly Protected","Poorly Protected","Poorly Protected","same","same","same","same","same","same"
"93","Namaqua Very Exposed Rocky Shore",11.6468982571538,5.00642790755266,3.89388837254096,0.521502907036736,5.73653197740409,5.38886337271293,"Moderately Protected","Poorly Protected","Poorly Protected","Poorly Protected","Poorly Protected","Poorly Protected","Poorly Protected","decrease","same","same","same","same","same"
"94","Natal Boulder Shore",33.9197366121754,33.9197366121754,33.9197366121754,33.9197366121754,0,0,"Well Protected","Well Protected","Well Protected","Well Protected","Well Protected","Well Protected","Well Protected","same","same","same","same","same","same"
"95","Natal Deep Shelf Edge",33.7665009011923,24.865601542434,23.138011908348,16.2883344154645,17.073626195992,0,"Moderately Protected","Moderately Protected","Moderately Protected","Moderately Protected","Moderately Protected","Moderately Protected","Poorly Protected","same","same","same","same","same","decrease"
"96","Natal Delagoa Dissipative Intermediate Sandy Shore",53.0778164957027,45.9740392090602,45.0243048906907,41.7806453416147,7.62086854688172,0.0766466664197873,"Well Protected","Well Protected","Well Protected","Well Protected","Well Protected","Well Protected","Well Protected","same","same","same","same","same","same"
"97","Natal Delagoa Dissipative Sandy Shore",0,0,0,0,0,0,"Not Protected","Not Protected","Not Protected","Not Protected","Not Protected","Not Protected","Not Protected","same","same","same","same","same","same"
"98","Natal Delagoa Intermediate Sandy Shore",54.8441632795855,48.026035441091,47.2628301995167,44.9314659059735,5.16509153090746,0.186315926966602,"Well Protected","Well Protected","Well Protected","Well Protected","Well Protected","Well Protected","Well Protected","same","same","same","same","same","same"
"99","Natal Delagoa Reflective Sandy Shore",40.998679731753,38.8236099799077,38.4171575515325,36.8243034403326,3.95467227608241,0,"Well Protected","Well Protected","Well Protected","Well Protected","Well Protected","Well Protected","Well Protected","same","same","same","same","same","same"
"100","Natal Exposed Rocky Shore",40.8045548872041,37.6730225884405,37.2111408730517,35.8097708773985,2.57601625233821,1.66683404563061,"Well Protected","Well Protected","Well Protected","Well Protected","Well Protected","Well Protected","Well Protected","same","same","same","same","same","same"
"101","Natal Lower Canyon",26.2470803560159,24.8306146095466,24.5473214602528,23.4141488630774,2.83293149293851,0,"Well Protected","Moderately Protected","Moderately Protected","Moderately Protected","Moderately Protected","Moderately Protected","Moderately Protected","decrease","same","same","same","same","same"
"102","Natal Mixed Shore",38.9455176639198,28.0912924316059,26.9577077814248,23.8595539614748,6.02998119825536,1.55574810292259,"Well Protected","Moderately Protected","Moderately Protected","Moderately Protected","Moderately Protected","Moderately Protected","Moderately Protected","decrease","same","same","same","same","same"
"103","Natal Upper Canyon",54.6206927694078,53.6010929214236,53.3971729518268,52.5814930734395,2.03919969596828,0,"Well Protected","Well Protected","Well Protected","Well Protected","Well Protected","Well Protected","Well Protected","same","same","same","same","same","same"
"104","Natal Very Exposed Rocky Shore",25.858110009296,23.5564540634136,23.4285842886423,23.3007145138711,0,0,"Well Protected","Moderately Protected","Moderately Protected","Moderately Protected","Moderately Protected","Moderately Protected","Moderately Protected","decrease","same","same","same","same","same"
"105","Orange Cone Inner Shelf Mud Reef Mosaic",0,0,0,0,0,0,"Not Protected","Not Protected","Not Protected","Not Protected","Not Protected","Not Protected","Not Protected","same","same","same","same","same","same"
"106","Orange Cone Muddy Mid Shelf",0,0,0,0,0,0,"Not Protected","Not Protected","Not Protected","Not Protected","Not Protected","Not Protected","Not Protected","same","same","same","same","same","same"
"107","Port St Johns Inner Shelf Mosaic",64.4622774938541,32.2311387469271,25.7849109975417,0,64.4622774938541,0,"Moderately Protected","Moderately Protected","Moderately Protected","Moderately Protected","Moderately Protected","Moderately Protected","Not Protected","same","same","same","same","same","decrease"
"108","Port St Johns Muddy Mid Shelf",75.6253162245457,37.8126581122728,30.2501264898183,0,75.6253162245457,0,"Moderately Protected","Moderately Protected","Moderately Protected","Moderately Protected","Moderately Protected","Moderately Protected","Not Protected","same","same","same","same","same","decrease"
"109","Port St Johns Muddy Shelf Edge",69.5417939163604,34.7708969581802,27.8167175665442,0,69.5417939163604,0,"Moderately Protected","Moderately Protected","Moderately Protected","Moderately Protected","Moderately Protected","Moderately Protected","Not Protected","same","same","same","same","same","decrease"
"110","Protea Mid Shelf Reef Complex",99.99999999998,49.99999999999,39.999999999992,0,99.99999999998,0,"Moderately Protected","Moderately Protected","Moderately Protected","Moderately Protected","Moderately Protected","Moderately Protected","Not Protected","same","same","same","same","same","decrease"
"111","Sodwana Coral Community",100.000000000024,100.000000000024,100.000000000024,100.000000000024,0,0,"Well Protected","Well Protected","Well Protected","Well Protected","Well Protected","Well Protected","Well Protected","same","same","same","same","same","same"
"112","Southeast Atlantic Lower Slope",0.452759829169296,0.452759829169296,0.452759829169296,0.452759829169296,0,0,"Poorly Protected","Poorly Protected","Poorly Protected","Poorly Protected","Poorly Protected","Poorly Protected","Poorly Protected","same","same","same","same","same","same"
"113","Southeast Atlantic Mid Slope",1.30067560892766,0.724003592907085,0.60866918970297,0.147331576886512,1.15334403204115,0,"Poorly Protected","Poorly Protected","Poorly Protected","Poorly Protected","Poorly Protected","Poorly Protected","Not Protected","same","same","same","same","same","decrease"
"114","Southeast Atlantic Seamount",96.6956752589319,96.6956752589319,96.6956752589319,96.6956752589319,0,0,"Well Protected","Well Protected","Well Protected","Well Protected","Well Protected","Well Protected","Well Protected","same","same","same","same","same","same"
"115","Southeast Atlantic Slope Seamount",97.1683769321755,97.1683769321755,97.1683769321755,97.1683769321755,0,0,"Well Protected","Well Protected","Well Protected","Well Protected","Well Protected","Well Protected","Well Protected","same","same","same","same","same","same"
"116","Southeast Atlantic Upper Slope",3.9645274229044,2.44995259357207,2.15682402056052,1.02742275011353,2.71863009345722,0.2068366939828,"Poorly Protected","Poorly Protected","Poorly Protected","Poorly Protected","Poorly Protected","Poorly Protected","Poorly Protected","same","same","same","same","same","same"
"117","Southern Benguela Dissipative Intermediate Sandy Shore",24.0204417067438,21.7377136210564,21.3878012956847,20.1300036208589,2.98552253649638,0.122285885052514,"Well Protected","Moderately Protected","Moderately Protected","Moderately Protected","Moderately Protected","Moderately Protected","Moderately Protected","decrease","same","same","same","same","same"
"118","Southern Benguela Dissipative Sandy Shore",40.7074422382229,39.9236279355792,39.843148538116,39.699730124688,0.0137571619595211,0.588118673769529,"Well Protected","Well Protected","Well Protected","Well Protected","Well Protected","Well Protected","Well Protected","same","same","same","same","same","same"
"119","Southern Benguela Intermediate Sandy Shore",5.1467212115353,3.43401911506164,3.09734240081893,1.77022754414038,3.27367040344956,0.083370214009751,"Poorly Protected","Poorly Protected","Poorly Protected","Poorly Protected","Poorly Protected","Poorly Protected","Poorly Protected","same","same","same","same","same","same"
"120","Southern Benguela Muddy Outer Shelf Mosaic",0,0,0,0,0,0,"Not Protected","Not Protected","Not Protected","Not Protected","Not Protected","Not Protected","Not Protected","same","same","same","same","same","same"
"121","Southern Benguela Muddy Shelf Edge",11.3614386534739,3.40571188222059,2.27024794532859,0,0,11.347840084366,"Moderately Protected","Poorly Protected","Poorly Protected","Poorly Protected","Poorly Protected","Not Protected","Not Protected","decrease","same","same","same","decrease","decrease"
"122","Southern Benguela Outer Shelf Mosaic",0.991704172345226,0.425375127643901,0.327819397937038,0.016146875276599,0.582805316233567,0.39275198083506,"Poorly Protected","Poorly Protected","Poorly Protected","Poorly Protected","Poorly Protected","Poorly Protected","Not Protected","same","same","same","same","same","decrease"
"123","Southern Benguela Reflective Sandy Shore",10.6409725497686,5.14609961257306,4.37236461571638,1.89624331833586,5.14694614976875,1.58302455593216,"Moderately Protected","Poorly Protected","Poorly Protected","Poorly Protected","Poorly Protected","Poorly Protected","Poorly Protected","decrease","same","same","same","same","same"
"124","Southern Benguela Rocky Shelf Edge",13.8397342347338,13.8397342347338,13.8397342347338,13.8397342347338,0,0,"Moderately Protected","Poorly Protected","Poorly Protected","Poorly Protected","Poorly Protected","Poorly Protected","Poorly Protected","decrease","same","same","same","same","same"
"125","Southern Benguela Sandy Outer Shelf",2.01221069804624,1.73999314073855,1.70049842580439,1.55976817744554,0.337451778082346,0,"Poorly Protected","Poorly Protected","Poorly Protected","Poorly Protected","Poorly Protected","Poorly Protected","Poorly Protected","same","same","same","same","same","same"
"126","Southern Benguela Sandy Shelf Edge",2.8962172879051,2.88448370825305,2.88213699232264,2.872750128601,0.0234671593041049,0,"Poorly Protected","Poorly Protected","Poorly Protected","Poorly Protected","Poorly Protected","Poorly Protected","Poorly Protected","same","same","same","same","same","same"
"127","Southern Benguela Shelf Edge Mosaic",0.011884324648143,0.011884324648143,0.011884324648143,0.011884324648143,0,0,"Not Protected","Not Protected","Not Protected","Not Protected","Not Protected","Not Protected","Not Protected","same","same","same","same","same","same"
"128","Southern KZN Inner Shelf Mosaic",38.7452194781688,6.22672652048661,3.70177942584598,0,0.00730044870474775,11.7464219659391,"Moderately Protected","Moderately Protected","Poorly Protected","Poorly Protected","Poorly Protected","Not Protected","Not Protected","same","decrease","decrease","decrease","decrease","decrease"
"129","Southern KZN Mid Shelf Mosaic",48.607479592345,21.2699422993838,16.7520783761546,0,40.2961728285076,1.45362604373162,"Moderately Protected","Moderately Protected","Moderately Protected","Poorly Protected","Moderately Protected","Moderately Protected","Not Protected","same","same","decrease","same","same","decrease"
"130","Southern KZN Shelf Edge Mosaic",57.8887822052036,45.4819789258913,43.0011424897943,33.0784016143663,24.8063481311032,0,"Well Protected","Well Protected","Well Protected","Well Protected","Well Protected","Well Protected","Well Protected","same","same","same","same","same","same"
"131","Southwest Indian Lower Slope",0.408313101400702,0.383162758820637,0.378132690304624,0.358012416240572,0.05030068516013,0,"Poorly Protected","Poorly Protected","Poorly Protected","Poorly Protected","Poorly Protected","Poorly Protected","Poorly Protected","same","same","same","same","same","same"
"132","Southwest Indian Mid Slope",9.39851940072416,9.19415479226687,9.15328187057541,8.98979018380958,0.408729216914582,0,"Poorly Protected","Poorly Protected","Poorly Protected","Poorly Protected","Poorly Protected","Poorly Protected","Poorly Protected","same","same","same","same","same","same"
"133","Southwest Indian Seamount",55.882496120044,55.882496120044,55.882496120044,55.882496120044,0,0,"Well Protected","Well Protected","Well Protected","Well Protected","Well Protected","Well Protected","Well Protected","same","same","same","same","same","same"
"134","Southwest Indian Slope Seamount",0,0,0,0,0,0,"Not Protected","Not Protected","Not Protected","Not Protected","Not Protected","Not Protected","Not Protected","same","same","same","same","same","same"
"135","Southwest Indian Upper Slope",25.8889757085411,24.8808820104426,24.701287674174,24.0155039772286,1.67173930635442,0.0466756877050623,"Well Protected","Moderately Protected","Moderately Protected","Moderately Protected","Moderately Protected","Moderately Protected","Moderately Protected","decrease","same","same","same","same","same"
"136","St Helena Bay",0.0838256296701958,0.0422808746799725,0.0339719236819279,0.000736119689749249,0.0830895099804465,0,"Not Protected","Not Protected","Not Protected","Not Protected","Not Protected","Not Protected","Not Protected","same","same","same","same","same","same"
"137","St Lucia Mid Shelf Mosaic",100.000000000006,100.000000000006,100.000000000006,100.000000000006,0,0,"Well Protected","Well Protected","Well Protected","Well Protected","Well Protected","Well Protected","Well Protected","same","same","same","same","same","same"
"138","St Lucia Sandy Inner Shelf",75.8725402799386,73.8694782089697,73.468865794776,71.8664161380009,4.00612414193773,0,"Well Protected","Well Protected","Well Protected","Well Protected","Well Protected","Well Protected","Well Protected","same","same","same","same","same","same"
"139","St Lucia Sandy Mid Shelf",46.0566419297411,26.0537493378045,22.9691621343427,14.7181159153887,10.6556860500188,19.6975320048651,"Moderately Protected","Moderately Protected","Moderately Protected","Moderately Protected","Moderately Protected","Moderately Protected","Poorly Protected","same","same","same","same","same","decrease"
"140","Trafalgar Reef Complex",32.9220771662691,4.85621717530108,2.81911095231908,0,0,7.82004729337084,"Moderately Protected","Moderately Protected","Poorly Protected","Poorly Protected","Poorly Protected","Not Protected","Not Protected","same","decrease","decrease","decrease","decrease","decrease"
"141","Transkei Basin Abyss",0,0,0,0,0,0,"Not Protected","Not Protected","Not Protected","Not Protected","Not Protected","Not Protected","Not Protected","same","same","same","same","same","same"
"142","Western Agulhas Bay",3.09806737710274,1.91746943203672,1.70733090581125,0.974111375457306,1.57599775921038,0.502816763653575,"Poorly Protected","Poorly Protected","Poorly Protected","Poorly Protected","Poorly Protected","Poorly Protected","Poorly Protected","same","same","same","same","same","same"
"143","Western Agulhas Outer Shelf Mosaic",0,0,0,0,0,0,"Not Protected","Not Protected","Not Protected","Not Protected","Not Protected","Not Protected","Not Protected","same","same","same","same","same","same"
"144","Wild Coast Inner Shelf Mosaic",46.168704011629,23.1060469897122,18.4935155853288,0.0433899677953574,46.1253140438336,0,"Moderately Protected","Moderately Protected","Moderately Protected","Poorly Protected","Moderately Protected","Moderately Protected","Not Protected","same","same","decrease","same","same","decrease"
"145","Wild Coast Mid Shelf Mosaic",38.5693329239154,32.3857581327801,31.149043174553,26.2021833416447,12.3671495822708,0,"Well Protected","Moderately Protected","Moderately Protected","Moderately Protected","Moderately Protected","Moderately Protected","Moderately Protected","decrease","same","same","same","same","same"
"146","Wild Coast Shelf Edge Mosaic",23.3261367075879,22.4950265407168,22.3288045073425,21.6639163738456,1.66222033374234,0,"Well Protected","Moderately Protected","Moderately Protected","Moderately Protected","Moderately Protected","Moderately Protected","Moderately Protected","decrease","same","same","same","same","same"
"147","uThukela Canyon",0,0,0,0,0,0,"Not Protected","Not Protected","Not Protected","Not Protected","Not Protected","Not Protected","Not Protected","same","same","same","same","same","same"
"148","uThukela Mid Shelf Mosaic",91.6032210406786,21.9807597651609,14.7752778070107,0,11.5957701831403,40.9106479391845,"Moderately Protected","Moderately Protected","Moderately Protected","Poorly Protected","Poorly Protected","Poorly Protected","Not Protected","same","same","decrease","decrease","decrease","decrease"
"149","uThukela Mid Shelf Mud Coarse Sediment Mosaic",100,32.3304722232974,23.504073444797,0,35.1243855464782,41.4035900235304,"Moderately Protected","Moderately Protected","Moderately Protected","Moderately Protected","Moderately Protected","Moderately Protected","Not Protected","same","same","same","same","same","decrease"
"150","uThukela Outer Shelf Muddy Reef Mosaic",96.7926230190453,48.0250125338747,38.3893996101358,0,95.8091157041169,0.110519751617321,"Moderately Protected","Moderately Protected","Moderately Protected","Moderately Protected","Moderately Protected","Moderately Protected","Not Protected","same","same","same","same","same","decrease"
